[
    {
        "id": 1,
        "name": "Zoiko Lite",
        "image": "/img/zoiko-lite.webp",
        "data": "Unlimited 5G Data",
        "price": "$15.00",
        "rate": "/mo/line",
        "features": [
            "Unlimited 5G and 4G LTE Data",
            "Unlimited Talk & Text",
            "Nationwide 5G & 4G Coverage",
            "Mobile Hotspot Access",
            "Flexible Contracts with Simple Pricing",
            "Discounted Device Protection"
        ]
    },
    {
        "id": 2,
        "name": "Zoiko Core",
        "image": "/img/zoiko-essential.webp",
        "data": "Unlimited 5G Data",
        "price": "$25.00",
        "rate": "/mo/line",
        "features": [
            "Unlimited 5G and 4G LTE Data",
            "Unlimited Talk & Text",
            "Nationwide 5G & 4G Coverage",
            "Mobile Hotspot Access",
            "Flexible Contracts with Simple Pricing",
            "Discounted Device Protection"
        ]
    },
    {
        "id": 3,
        "name": "Zoiko Max",
        "image": "/img/zoiko-unlimited.webp",
        "data": "Unlimited 5G Data",
        "price": "$50.00",
        "rate": "/mo/line",
        "features": [
            "Unlimited 5G and 4G LTE Data",
            "Unlimited Talk & Text",
            "Nationwide 5G & 4G Coverage",
            "Mobile Hotspot Access",
            "Flexible Contracts with Simple Pricing",
            "Discounted Device Protection"
        ]
    },
    {
        "id": 4,
        "name": "Zoiko Infinity",
        "image": "/img/prepaid-img4.webp",
        "data": "Unlimited 5G Data",
        "price": "$65.00",
        "rate": "/mo/line",
        "features": [
            "Unlimited 5G and 4G LTE Data",
            "Unlimited Talk & Text",
            "Nationwide 5G & 4G Coverage",
            "Mobile Hotspot Access",
            "Flexible Contracts with Simple Pricing",
            "Discounted Device Protection"
        ]
    },
    {
        "id": 5,
        "name": "Zoiko Supreme Unlimited",
        "image": "/img/prepaid-img5.webp",
        "data": "Unlimited 5G Data",
        "price": "$72.00",
        "rate": "/mo/line",
        "features": [
            "Unlimited 5G and 4G LTE Data",
            "Unlimited Talk & Text",
            "Nationwide 5G & 4G Coverage",
            "Mobile Hotspot Access",
            "Flexible Contracts with Simple Pricing",
            "Discounted Device Protection"
        ]
    }
]