[
    {
        "id": 1,
        "name": "Zoiko Flex",
        "image": "/img/zoiko-lite.webp",
        "data": "Unlimited 5G Data",
        "price": "$13.00",
        "rate": "/mo/line",
        "features": [
            "Unlimited 5G and 4G LTE Data",
            "Unlimited Talk & Text",
            "Nationwide 5G & 4G Coverage",
            "Mobile Hotspot Access",
            "Simple and Transparent Pricing",
            "Discounted Device Protection"
        ]
    },
    {
        "id": 2,
        "name": "Zoiko Essential",
        "image": "/img/zoiko-essential.webp",
        "data": "Unlimited 5G Data",
        "price": "$20.00",
        "rate": "/mo/line",
        "features": [
            "Unlimited 5G and 4G LTE Data",
            "Unlimited Talk & Text",
            "Nationwide 5G & 4G Coverage",
            "Mobile Hotspot Access",
            "Simple and Transparent Pricing",
            "Discounted Device Protection"
        ]
    },
    {
        "id": 3,
        "name": "Zoiko Unlimited One",
        "image": "/img/zoiko-unlimited.webp",
        "data": "Unlimited 5G Data",
        "price": "$30.00",
        "rate": "/mo/line",
        "features": [
            "Unlimited 5G and 4G LTE Data",
            "Unlimited Talk & Text",
            "Nationwide 5G & 4G Coverage",
            "Mobile Hotspot Access",
            "Simple and Transparent Pricing",
            "Discounted Device Protection"
        ]
    },
    {
        "id": 4,
        "name": "Zoiko Unlimited Plus",
        "image": "/img/prepaid-img4.webp",
        "data": "Unlimited 5G Data",
        "price": "$45.00",
        "rate": "/mo/line",
        "features": [
            "Unlimited 5G and 4G LTE Data",
            "Unlimited Talk & Text",
            "Nationwide 5G & 4G Coverage",
            "Mobile Hotspot Access",
            "Simple and Transparent Pricing",
            "Discounted Device Protection"
        ]
    },
    {
        "id": 5,
        "name": "Zoiko Unlimited Premium",
        "image": "/img/prepaid-img5.webp",
        "data": "Unlimited 5G Data",
        "price": "$55.00",
        "rate": "/mo/line",
        "features": [
            "Unlimited 5G and 4G LTE Data",
            "Unlimited Talk & Text",
            "Nationwide 5G & 4G Coverage",
            "Mobile Hotspot Access",
            "Simple and Transparent Pricing",
            "Discounted Device Protection"
        ]
    }
]