[
    {
        "id": 1,
        "name": "Galaxy S22+ 5G",
        "slug": "galaxy-s22-plus-5g",
        "price": "$397.59",
        "condition": [
            "A2-Excellent"
        ],
        "color": [
            "pink", "gold"
        ],
        "storage": [
            "128GB",
            "256GB"
        ],
        "quality": "Premium Quality",
        "image": "/img/phones/galaxy-s22.jpg"
    },
    {
        "id": 2,
        "name": "iPhone 13 Pro Max",
        "slug": "iphone-13-pro-max",
        "price": "$700.25",
        "condition": [
            "A2-Excellent"
        ],
        "color": [
            "green"
        ],
        "storage": [
            "256GB"
        ],
        "quality": "Premium Quality",
        "image": "/img/phones/iphone-14-pro-max-black.jpg"
    },
    {
        "id": 3,
        "name": "iPhone 12 Pro Max",
        "slug": "iphone-12-pro-max",
        "price": "$566.25",
        "condition": [
            "A2-Excellent"
        ],
        "color": [
            "graphite"
        ],
        "storage": [
            "256GB"
        ],
        "quality": "Premium Quality",
        "image": "/img/phones/iphone-12-pro-max-graphite.jpg"
    },
    {
        "id": 4,
        "name": "iPhone 12 Mini",
        "slug": "iphone-12-mini",
        "price": "$277.25",
        "condition": [
            "A1-Flawless",
            "A2-Excellent"
        ],
        "color": [
            "black",
            "blue",
            "red"
        ],
        "storage": [
            "256GB",
            "128GB",
            "64GB"
        ],
        "quality": "Premium Quality",
        "image": "/img/phones/iphone-12-mini.jpg"
    },
    {
        "id": 5,
        "name": "iPhone 11 Pro",
        "slug": "iphone-11-pro",
        "price": "$328.25",
        "condition": [
            "A1-Flawless",
            "A2-Excellent"
        ],
        "color": [
            "gold",
            "grey",
            "green",
            "silver"
        ],
        "storage": [
            "256GB",
            "128GB",
            "512GB",    
            "64GB"
        ],
        "quality": "Premium Quality",
        "image": "/img/phones/iphone-11-pro.jpg"
    },
    {
        "id": 6,
        "name": "Galaxy S23+",
        "slug": "galaxy-s23-plus",
        "price": "$576.25",
        "condition": [
            "A1-Flawless",
            "A2-Excellent"
        ],
        "color": [
            "lavender"
        ],
        "storage": [
            "256GB"
        ],
        "quality": "Premium Quality",
        "image": "/img/phones/Galaxy-s23.jpg"
    },
    {
        "id": 7,
        "name": "Galaxy S23 FE",
        "slug": "galaxy-s23-fe",
        "price": "$402.25",
        "condition": [
            "A1-Flawless",
            "A2-Excellent"
        ],
        "color": [
            "graphite"
        ],
        "storage": [
            "128GB"
        ],
        "quality": "Premium Quality",
        "image": "/img/phones/galaxy-s23-fe.jpg"
    },
    {
        "id": 8,
        "name": "iPhone SE 3",
        "slug": "iphone-se-3",
        "price": "$260.25",
        "condition": [
            "A2-Excellent"
        ],
        "color": [
            "red"
        ],
        "storage": [
            "64GB"
        ],
        "quality": "Premium Quality",
        "image": "/img/phones/iphone-se3.jpg"
    },
    {
        "id": 9,
        "name": "Pixel 8 Pro",
        "slug": "pixel-8-pro",
        "price": "$587.99",
        "condition": [
            "A2-Excellent"
        ],
        "color": [
            "obsidian"
        ],
        "storage": [
            "128GB"
        ],
        "quality": "Premium Quality",
        "image": "/img/phones/pixel-8-pro.jpg"
    }
]